{"cameraMode":{"drawMode":0,"name":"Shaded","section":"Shading Mode"},"sceneLighting":true,"audioPlay":false,"sceneViewState":{"m_AlwaysRefresh":false,"showFog":true,"showSkybox":true,"showFlares":true,"showImageEffects":true,"showParticleSystems":true,"showVisualEffectGraphs":true,"m_FxEnabled":true},"in2DMode":false,"pivot":{"x":-1.4668982028961182,"y":0.9158189296722412,"z":0.8838133811950684},"rotation":{"x":0.009407487697899342,"y":-0.974493145942688,"z":0.2202792763710022,"w":0.04153965786099434},"size":1.9461700916290284,"orthographic":false}